{
  "languages": [
    {
      "code": "en",
      "translatorTitle": "Bhasha Bridge",
      "sourceLanguageLabel": "Source Language",
      "targetLanguageLabel": "Target Language",
      "enterTextLabel": "Enter Text",
      "translatedTextLabel": "Translated Text",
      "translateButton": "Translate",
      "copyButton": "Copy",
      "shareButton": "Share via Other Media",
      "charCount": "1000 characters remaining",
      "placeholder": "Enter text here...",
      "reset": "Reset",
      "footerText": "&copy; 2024 Bhasha Bridge. All rights reserved.",
      "shareOnWhatsApp": "Share on WhatsApp",
      "shareViaEmail": "Share via Email"
    },
    {
      "code": "te",
      "translatorTitle": "భాషా బ్రిడ్జ్",
      "sourceLanguageLabel": "మూల భాష",
      "targetLanguageLabel": "లక్ష్య భాష",
      "enterTextLabel": "పాఠ్యాన్ని నమోదు చేయండి",
      "translatedTextLabel": "అనువాదించబడిన పాఠ్యం",
      "translateButton": "అనువాదించు",
      "copyButton": "కాపీ",
      "shareButton": "ఇతర మీడియాతో షేర్ చేయండి",
      "charCount": "1000 అక్షరాలు మిగిసివున్నాయి",
      "placeholder": "ఇక్కడ అక్షరాలు నమోదు చేయండి...",
      "reset": "రీసెట్",
      "footerText": "&copy; 2024 భాషా బ్రిడ్జ్. అన్ని హక్కులు సురక్షితాలు.",
      "shareOnWhatsApp": "వాట్సాప్‌లో పంచుకోండి",
      "shareViaEmail": "ఇమెయిల్ ద్వారా పంచుకోండి"
    },
    {
      "code": "hi",
      "translatorTitle": "भाषा ब्रिज",
      "sourceLanguageLabel": "स्रोत भाषा",
      "targetLanguageLabel": "लक्षित भाषा",
      "enterTextLabel": "पाठ दर्ज करें",
      "translatedTextLabel": "अनुवादित पाठ",
      "translateButton": "अनुवाद करें",
      "copyButton": "कॉपी करें",
      "shareButton": "अन्य मीडिया के माध्यम से साझा करें",
      "charCount": "1000 अक्षर शेष हैं",
      "placeholder": "यहाँ टेक्स्ट दर्ज करें...",
      "reset": "रीसेट",
      "footerText": "&copy; 2024 भाषा ब्रिज। सर्वाधिकार सुरक्षित।",
      "shareOnWhatsApp": "व्हाट्सएप पर शेयर करें",
      "shareViaEmail": "ईमेल द्वारा शेयर करें"
    },
    {
      "code": "mr",
      "translatorTitle": "भाषा ब्रिज",
      "sourceLanguageLabel": "मूल भाषा",
      "targetLanguageLabel": "लक्ष्य भाषा",
      "enterTextLabel": "पाठ द्या",
      "translatedTextLabel": "अनुवादित पाठ",
      "translateButton": "अनुवाद करा",
      "copyButton": "कॉपी करा",
      "shareButton": "इतर मिडिया पर सामायिक करा",
      "charCount": "1000 अक्षर शिल्लक आहेत",
      "placeholder": "येथे टेक्स्ट नोंदवा...",
      "reset": "रीसेट",
      "footerText": "&copy; 2024 भाषा ब्रिज। सर्व हक्क राखीव.",
      "shareOnWhatsApp": "व्हाट्सएपवर शेअर करा",
      "shareViaEmail": "ईमेलद्वारे शेअर करा"
    },
    {
      "code": "ur",
      "translatorTitle": "زبان مترجم",
      "sourceLanguageLabel": "ابتدائی زبان",
      "targetLanguageLabel": "ہدف زبان",
      "enterTextLabel": "متن درج کریں",
      "translatedTextLabel": "ترجمہ شدہ متن",
      "translateButton": "ترجمہ کریں",
      "copyButton": "کاپی",
      "shareButton": "دیگر میڈیا کے ذریعے اشتراک کریں",
      "charCount": "باقی 1000 حروف",
      "placeholder": "یہاں متن درج کریں...",
      "reset": "ری سیٹ",
      "footerText": "&copy; 2024 بھاشا پل۔ جملہ حقوق محفوظ ہیں۔",
      "shareOnWhatsApp": "واٹس ایپ پر شیئر کریں",
      "shareViaEmail": "ای میل کے ذریعے شیئر کریں"
    },
    {
      "code": "bn",
      "translatorTitle": "ভাষা অনুবাদক",
      "sourceLanguageLabel": "উৎস ভাষা",
      "targetLanguageLabel": "লক্ষ্য ভাষা",
      "enterTextLabel": "পাঠ্য লিখুন",
      "translatedTextLabel": "অনুবাদিত পাঠ্য",
      "translateButton": "অনুবাদ করুন",
      "copyButton": "কপি",
      "shareButton": "অন্যান্য মিডিয়ার মাধ্যমে শেয়ার করুন",
      "charCount": "1000 অক্ষর অবশিষ্ট",
      "placeholder": "এখানে লেখা লিখুন...",
      "reset": "রিসেট",
      "footerText": "&copy; 2024 ভাষা ব্রিজ। সর্বস্বত্ব সংরক্ষিত।",
      "shareOnWhatsApp": "হোয়াটসঅ্যাপে শেয়ার করুন",
      "shareViaEmail": "ইমেলের মাধ্যমে শেয়ার করুন"
    },
    {
      "code": "ml",
      "translatorTitle": "ഭാഷ അപേക്ഷകൻ",
      "sourceLanguageLabel": "മൂല ഭാഷ",
      "targetLanguageLabel": "ലക്ഷ്യ ഭാഷ",
      "enterTextLabel": "വാചകം നൽകുക",
      "translatedTextLabel": "അനുവാദിച്ച വാചകം",
      "translateButton": "അനുവാദിക്കുക",
      "copyButton": "പകര്‍ത്ത്",
      "shareButton": "മറ്റ് മീഡിയയുടെ മാധ്യമം ഉപയോഗിച്ച് പങ്കിടുക",
      "charCount": "1000 അക്ഷരങ്ങൾ ശേഷിക്കുന്നു",
      "placeholder": "ഇവിടെ വാചകം നൽകുക...",
      "reset": "പുനഃസജ്ജമാക്കുക",
      "footerText": "&copy; 2024 ഭാഷ പാലം. എല്ലാ അവകാശങ്ങളും സംരക്ഷിതം.",
      "shareOnWhatsApp": "വാട്ട്സ്ആപ്പിൽ പങ്കിടുക",
      "shareViaEmail": "ഇമെയിലിലൂടെ പങ്കിടുക"
    },
    {
      "code": "ta",
      "translatorTitle": "மொழிபெயர்ப்பாளர்",
      "sourceLanguageLabel": "மூல மொழி",
      "targetLanguageLabel": "இலக்கு மொழி",
      "enterTextLabel": "உரை உள்ளிடவும்",
      "translatedTextLabel": "மொழிபெயர்க்கப்பட்ட உரை",
      "translateButton": "மொழிபெயர்க்கவும்",
      "copyButton": "நகல்",
      "shareButton": "பிற ஊடகங்களுடன் பகிர்ந்து கொள்ளுங்கள்",
      "charCount": "1000 எழுத்துக்கள் உள்ளன",
      "placeholder": "இங்கே உரை உள்ளிடவும்...",
      "reset": "மீட்டமை",
      "footerText": "&copy; 2024 மொழி பாலம். அனைத்து உரிமைகளும் பாதுகாக்கப்பட்டவை.",
      "shareOnWhatsApp": "வாட்ஸ்அப்பில் பகிரவும்",
      "shareViaEmail": "மின்னஞ்சல் மூலம் பகிரவும்"
    },
    {
      "code": "pa",
      "translatorTitle": "ਭਾਸ਼ਾ ਅਨੁਵਾਦਕ",
      "sourceLanguageLabel": "ਸਰੋਤ ਭਾਸ਼ਾ",
      "targetLanguageLabel": "ਨਿਸ਼ਾਨਾ ਭਾਸ਼ਾ",
      "enterTextLabel": "ਪਾਠ ਦਰਜ ਕਰੋ",
      "translatedTextLabel": "ਅਨੁਵਾਦਿਤ ਪਾਠ",
      "translateButton": "ਅਨੁਵਾਦ ਕਰੋ",
      "copyButton": "ਕਾਪੀ",
      "shareButton": "ਹੋਰ ਮੀਡੀਆ ਦੇ ਨਾਲ ਸਾਂਝਾ ਕਰੋ",
      "charCount": "1000 ਅੱਖਰ ਬਾਕੀ ਹਨ",
      "placeholder": "ਇੱਥੇ ਪਾਠ ਦਰਜ ਕਰੋ...",
      "reset": "ਰੀਸੈਟ",
      "footerText": "&copy; 2024 ਭਾਸ਼ਾ ਪੁਲ। ਸਭ ਹੱਕ ਰਾਖਵੇਂ ਹਨ।",
      "shareOnWhatsApp": "ਵਟਸਐਪ ਤੇ ਸਾਂਝਾ ਕਰੋ",
      "shareViaEmail": "ਈਮੇਲ ਰਾਹੀਂ ਸਾਂਝਾ ਕਰੋ"
    },
    {
      "code": "kn",
      "translatorTitle": "ಭಾಷಾ ಅನುವಾದಕ",
      "sourceLanguageLabel": "ಮೂಲ ಭಾಷೆ",
      "targetLanguageLabel": "ಗುರಿ ಭಾಷೆ",
      "enterTextLabel": "ಪಠ್ಯವನ್ನು ನಮೂದಿಸಿ",
      "translatedTextLabel": "ಅನುವಾದಿತ ಪಠ್ಯ",
      "translateButton": "ಅನುವಾದಿಸಿ",
      "copyButton": "ನಕಲಿಸಿ",
      "shareButton": "ಇತರ ಮಾಧ್ಯಮಗಳ ಮೂಲಕ ಹಂಚಿಕೊಳ್ಳಿ",
      "charCount": "1000 ಅಕ್ಷರಗಳು ಉಳಿದಿವೆ",
      "placeholder": "ಇಲ್ಲಿ ಪಠ್ಯ ನಮೂದಿಸಿ...",
      "reset": "ಮರುಹೊಂದಿಸಿ",
      "footerText": "&copy; 2024 ಭಾಷಾ ಸೇತುವೆ. ಎಲ್ಲಾ ಹಕ್ಕುಗಳೂ ಉಳಿಸಲಾಗಿದೆ.",
      "shareOnWhatsApp": "ವಾಟ್ಸಾಪ್ಪಿನಲ್ಲಿ ಹಂಚಿಕೊಳ್ಳಿ",
      "shareViaEmail": "ಇಮೇಲ್ ಮೂಲಕ ಹಂಚಿಕೊಳ್ಳಿ"
    },
    {
      "code": "gu",
      "translatorTitle": "ભાષા અનુવાદક",
      "sourceLanguageLabel": "મૂળ ભાષા",
      "targetLanguageLabel": "લક્ષ ભાષા",
      "enterTextLabel": "ટેક્સ્ટ દાખલ કરો",
      "translatedTextLabel": "અનુવાદિત ટેક્સ્ટ",
      "translateButton": "અનુવાદ કરો",
      "copyButton": "કોપી",
      "shareButton": "અન્ય મીડિયા દ્વારા શેર કરો",
      "charCount": "1000 અક્ષર બાકી",
      "placeholder": "અહીં ટેક્સ્ટ દાખલ કરો...",
      "reset": "ફરી ગોઠવો",
      "footerText": "&copy; 2024 ભાષા બ્રિજ. તમામ અધિકારો સુરક્ષિત.",
      "shareOnWhatsApp": "વોટ્સએપ પર શેર કરો",
      "shareViaEmail": "ઈમેઈલ દ્વારા શેર કરો"
    },
    {
      "code": "or",
      "translatorTitle": "ଭାଷା ଅନୁବାଦକ",
      "sourceLanguageLabel": "ମୂଲ ଭାଷା",
      "targetLanguageLabel": "ଲକ୍ଷ୍ୟ ଭାଷା",
      "enterTextLabel": "ଟେକ୍ସଟ ଦାଖଲ କରନ୍ତୁ",
      "translatedTextLabel": "ଅନୁବାଦିତ ଟେକ୍ସଟ",
      "translateButton": "ଅନୁବାଦ କରନ୍ତୁ",
      "copyButton": "କପି",
      "shareButton": "ଅନ୍ୟ ମାଧ୍ୟମ ଦ୍ଵାରା ସେୟାର୍ କରନ୍ତୁ",
      "charCount": "1000 ଅକ୍ଷର ଅବସ୍ତିତ",
      "placeholder": "ଏଠାରେ ଟେକ୍ସଟ ଦାଖଲ କରନ୍ତୁ...",
      "reset": "ପୁନଃ ସଜ୍ଜିତ କରନ୍ତୁ",
      "footerText": "&copy; 2024 ଭାଷା ପୁଲ। ସମସ୍ତ ଅଧିକାର ସଂରକ୍ଷିତ ଅଛି।",
      "shareOnWhatsApp": "ଓଟସ୍ଏପ୍ରେ ସେୟାର୍ କରନ୍ତୁ",
      "shareViaEmail": "ଇମେଲ ମାଧ୍ୟମରେ ସେୟାର୍ କରନ୍ତୁ"
    }
  ]
}
