{
    "languages": [
        {
            "code": "en",
            "flask": "FLASK SERVER PAGE ERROR",
            "translator": "TRANSLATION PAGE ERROR",
            "sourcetextmatch": "Please enter the text in selected source language only",
            "charlimit": "Character limit exceeded",
            "srceqtgt": "Please select different source and target languages",
            "emptysrc": "Please enter some text",
            "copy": "Copied to clipboard successfully..!",
            "warning": "Warning",
            "error": "Error",
            "success": "Success",
            "charcount": "characters remaining"
        },
        {
            "code": "te",
            "flask": "ఫ్లాస్క్ సర్వర్ పేజీ లోపం",
            "translator": "అనువాద పేజీ లోపం",
            "sourcetextmatch": "దయచేసి ఎంచుకున్న మూల భాషలో మాత్రమే పఠ్యం ఎంటర్ చేయండి",
            "charlimit": "అక్షరాల పరిమితి మించిపోయింది",
            "srceqtgt": "దయచేసి వేర్వేరు మూలం మరియు లక్ష్య భాషలను ఎంచుకోండి",
            "emptysrc": "దయచేసి కొన్ని వచనాన్ని నమోదు చేయండి",
            "copy": "క్లిప్‌బోర్డ్‌కు విజయవంతంగా కాపీ చేయబడింది..!",
            "warning": "హెచ్చరిక",
            "error": "లోపం",
            "success": "విజయం",
            "charcount": "అక్షరాలు మిగిసివున్నాయి"
        },
        {
            "code": "hi",
            "flask": "फ्लास्क सर्वर पेज त्रुटि",
            "translator": "अनुवाद पेज त्रुटि",
            "sourcetextmatch": "कृपया चयनित मूल भाषा में पाठ दर्ज करें",
            "charlimit": "अक्षर सीमा पार हो गई",
            "srceqtgt": "कृपया विभिन्न स्रोत और लक्ष्य भाषाएँ चुनें",
            "emptysrc": "कृपया कुछ पाठ दर्ज करें",
            "copy": "क्लिपबोर्ड पर सफलतापूर्वक कॉपी किया गया..!",
            "warning": "चेतावनी",
            "error": "त्रुटि",
            "success": "सफलता",
            "charcount": "अक्षर शेष हैं"
        },
        {
            "code": "mr",
            "flask": "फ्लास्क सर्व्हर पृष्ठ त्रुटी",
            "translator": "भाषांतर पृष्ठ त्रुटी",
            "sourcetextmatch": "कृपया निवडलेली मूल भाषेत मजकूर प्रविष्ट करा",
            "charlimit": "वर्ण मर्यादा ओलांडली",
            "srceqtgt": "कृपया वेगवेगळ्या स्रोत आणि लक्ष्य भाषा निवडा",
            "emptysrc": "कृपया काही मजकूर प्रविष्ट करा",
            "copy": "क्लिपबोर्डवर यशस्वीरित्या कॉपी केले..!",
            "warning": "चेतावणी",
            "error": "त्रुटि",
            "success": "यशस्वी",
            "charcount": "अक्षर शिल्लक आहेत"
        },
        {
            "code": "ur",
            "flask": "فلاسک سرور صفحہ خرابی",
            "translator": "ترجمہ صفحہ خرابی",
            "sourcetextmatch": "براہ کرم منتخب ماخذ زبان میں متن داخل کریں",
            "charlimit": "کردار کی حد سے تجاوز کر گیا",
            "srceqtgt": "براہ کرم مختلف ماخذ اور ہدف زبانیں منتخب کریں",
            "emptysrc": "براہ کرم کچھ متن درج کریں",
            "copy": "کلپ بورڈ میں کامیابی کے ساتھ کاپی ہو گیا..!",
            "warning": "انتباہ",
            "error": "خرابی",
            "success": "کامیابی",
            "charcount": "باقی حروف"
        },
        {
            "code": "bn",
            "flask": "ফ্লাস্ক সার্ভার পৃষ্ঠা ত্রুটি",
            "translator": "অনুবাদ পৃষ্ঠা ত্রুটি",
            "sourcetextmatch": "দয়া করে নির্বাচিত মূল ভাষায় পাঠ্য প্রদান করুন",
            "charlimit": "অক্ষর সীমা অতিক্রম করেছে",
            "srceqtgt": "অনুগ্রহ করে ভিন্ন উত্স এবং লক্ষ্য ভাষা নির্বাচন করুন",
            "emptysrc": "অনুগ্রহ করে কিছু পাঠ্য লিখুন",
            "copy": "ক্লিপবোর্ডে সফলভাবে অনুলিপি করা হয়েছে..!",
            "warning": "সতর্কতা",
            "error": "ত্রুটি",
            "success": "সাফল্য",
            "charcount": "অক্ষর অবশিষ্ট"
        },
        {
            "code": "kn",
            "flask": "ಫ್ಲಾಸ್ಕ್ ಸರ್ವರ್ ಪುಟ ತಪ್ಪಿತರಿ",
            "translator": "ಅನುವಾದಕ ಪುಟ ತಪ್ಪಿತರಿ",
            "sourcetextmatch": "ದಯವಿಟ್ಟು ಆಯ್ದ ಮೂಲ ಭಾಷೆಯಲ್ಲಿ ಮಾತ್ರ ಪಠ್ಯ ನಮೂದಿಸಿ",
            "charlimit": "ಅಕ್ಷರ ಪರಿಮಿತಿ ಮೀರಿದೆ",
            "srceqtgt": "ದಯವಿಟ್ಟು ವಿವಿಧ ಮೂಲ ಮತ್ತು ಲಕ್ಷ್ಯ ಭಾಷೆಗಳನ್ನು ಆಯ್ಕೆಮಾಡಿ",
            "emptysrc": "ದಯವಿಟ್ಟು ಕೆಲ ಪಠ್ಯವನ್ನು ನಮೂದಿಸಿ",
            "copy": "ಕ್ಲಿಪ್‌ಬೋರ್ಡ್‌ಗೆ ಯಶಸ್ವಿಯಾಗಿ ನಕಲಿಸಲಾಗಿದೆ..!",
            "warning": "ಎಚ್ಚರಿಕೆ",
            "error": "ತಪ್ಪಿತರಿ",
            "success": "ಯಶಸ್ಸು",
            "charcount": "ಅಕ್ಷರಗಳು ಉಳಿವಿದೆ"
        }
    ]
}
